{
  "marketing_stripe": {
    "text": "BLACK FRIDAY COM DESCONTOS IMPERDÍVEIS!!!!!!",
    "link": "/black-friday"
  },
  "contacts_stripe": {
    "pages": [
      {
        "title": "",
        "link": "/pages/sobre-nos"
      },
      {
        "title": "A loja do torcedor carioca!",
        "link": ""
      }
    ],
    "phone_wpp": true,
    "socials": true
  },
  "categories_list": {
    "featured": [
      "/vasco-da-gama?Vasco da Gama"
    ],
    "random": 6,
    "full_width": true
  },
  "search_input": true
}