{
  "meta_title": "Fut.Rj",
  "meta_description": "",
  "sections": [
    {
      "type": "banner-slider",
      "autoplay": 10000,
      "slides": [
        {
          "start": "2021-10-28T02:47:20.755Z",
          "end": "2021-12-31T17:01:30.586Z",
          "img": "/img/uploads/whatsapp-image-2021-11-12-at-16.14.17.png",
          "link": "/black-friday"
        },
        {
          "start": "2021-10-28T02:47:10.825Z",
          "end": "2022-01-01T02:47:10.868Z",
          "img": "/img/uploads/1634400982_banner-treino-20212-_1_.png",
          "mobile_img": "/img/uploads/1634400982_banner-treino-20212.webp"
        }
      ]
    },
    {
      "type": "info-bar",
      "enabled": true
    },
    {
      "type": "collection-shelf",
      "shuffle": true,
      "collection_id": null,
      "limit": 12,
      "page": 1,
      "sort": "news",
      "title": ""
    },
    {
      "type": "collection-shelf",
      "shuffle": true,
      "limit": 12,
      "page": 1,
      "collection_id": "6176bec79bb4ce40f93e54a3:categories:Vasco da Gama:/vasco-da-gama",
      "sort": "lowest_price"
    },
    {
      "type": "page-title",
      "title": "Loja de artigos esportivos!",
      "description": "100% Carioca!"
    },
    {
      "type": "offers-timer",
      "max_hours": 24,
      "start": "2021-11-12T15:48:38.929Z",
      "end": "2022-02-01T15:48:41.553Z",
      "offers": [
        "617036108f01d31b484d598b",
        "6176c0ef9bb4ce40f93e5921",
        "6176d9989bb4ce40f93e85df"
      ]
    },
    {
      "type": "info-bar",
      "enabled": true
    },
    {
      "type": "brands-carousel",
      "limit": 24,
      "offset": 0,
      "sort": "name",
      "autoplay": 5000
    }
  ]
}