{
  "sections": [
    {
      "type": "breadcrumbs",
      "enabled": true
    },
    {
      "type": "product-block",
      "enabled": true
    },
    {
      "type": "product-description",
      "enabled": true
    },
    {
      "type": "product-specifications",
      "enabled": true
    },
    {
      "type": "offers-timer",
      "max_hours": 12,
      "start": "2021-10-28T01:48:33.334Z",
      "end": "2021-10-31T01:46:53.690Z",
      "offers": [
        "617036108f01d31b484d598b",
        "6176d9989bb4ce40f93e85df"
      ]
    }
  ]
}